epoch,step,val_loss
0,6,0.6314029097557068
1,13,0.5034881830215454
2,20,0.4564928412437439
3,27,0.42710721492767334
4,34,0.4416572153568268
